year_2019,year_2018,institution_name,rank_change,country,overall_rank
1,1,MASSACHUSETTS INSTITUTE OF TECHNOLOGY (MIT),0,United States,19
2,2,STANFORD UNIVERSITY,0,United States,19
3,3,HARVARD UNIVERSITY,0,United States,19
4,4,CALIFORNIA INSTITUTE OF TECHNOLOGY (CALTECH),0,United States,19
5,6,UNIVERSITY OF OXFORD,1,United Kingdom,15
6,5,UNIVERSITY OF CAMBRIDGE,-1,United Kingdom,15
7,10,ETH ZURICH (SWISS FEDERAL INSTITUTE OF TECHNOLOGY),3,Switzerland,6
8,8,IMPERIAL COLLEGE LONDON,0,United Kingdom,15
9,9,UNIVERSITY OF CHICAGO,0,United States,19
10,7,UCL (UNIVERSITY COLLEGE LONDON),-3,United Kingdom,15
11,15,NATIONAL UNIVERSITY OF SINGAPORE (NUS),4,Singapore,34
12,11,NANYANG TECHNOLOGICAL UNIVERSITY (NTU),-1,Singapore,34
13,13,PRINCETON UNIVERSITY,0,United States,19
14,14,CORNELL UNIVERSITY,0,United States,19
15,16,YALE UNIVERSITY,1,United States,19
16,18,COLUMBIA UNIVERSITY,2,United States,19
17,25,TSINGHUA UNIVERSITY,8,China,93
18,23,UNIVERSITY OF EDINBURGH,5,United Kingdom,15
19,19,UNIVERSITY OF PENNSYLVANIA,0,United States,19
20,21,UNIVERSITY OF MICHIGAN,1,United States,19
21,17,JOHNS HOPKINS UNIVERSITY,-4,United States,19
22,12,ÉCOLE POLYTECHNIQUE FÉDÉRALE DE LAUSANNE (EPFL),-10,Switzerland,6
23,28,THE UNIVERSITY OF TOKYO,5,Japan,58
24,20,AUSTRALIAN NATIONAL UNIVERSITY (ANU),-4,Australia,11
25,26,UNIVERSITY OF HONG KONG (HKU),1,Hong Kong,76
26,21,DUKE UNIVERSITY,-5,United States,19
27,27,"UNIVERSITY OF CALIFORNIA, BERKELEY (UCB)",0,United States,19
28,31,UNIVERSITY OF TORONTO,3,Canada,9
29,34,THE UNIVERSITY OF MANCHESTER,5,United Kingdom,15
30,38,PEKING UNIVERSITY,8,China,93
31,23,KING'S COLLEGE LONDON (KCL),-8,United Kingdom,15
32,33,"UNIVERSITY OF CALIFORNIA, LOS ANGELES (UCLA)",1,United States,19
33,32,MCGILL UNIVERSITY,-1,Canada,9
34,28,NORTHWESTERN UNIVERSITY,-6,United States,19
35,36,KYOTO UNIVERSITY,1,Japan,58
36,36,SEOUL NATIONAL UNIVERSITY (SNU),0,South Korea,54
37,30,THE HONG KONG UNIVERSITY OF SCIENCE AND TECHNOLOGY (HKUST),-7,Hong Kong,76
38,35,LONDON SCHOOL OF ECONOMICS AND POLITICAL SCIENCE (LSE),-3,United Kingdom,15
39,41,THE UNIVERSITY OF MELBOURNE,2,Australia,11
40,41,KAIST - KOREA ADVANCED INSTITUTE OF SCIENCE AND TECHNOLOGY,1,South Korea,54
41,38,"UNIVERSITY OF CALIFORNIA, SAN DIEGO (UCSD)",-3,United States,19
42,50,THE UNIVERSITY OF SYDNEY,8,Australia,11
43,52,NEW YORK UNIVERSITY (NYU),9,United States,19
44,40,FUDAN UNIVERSITY,-4,China,93
45,45,THE UNIVERSITY OF NEW SOUTH WALES (UNSW),0,Australia,11
46,47,CARNEGIE MELLON UNIVERSITY,1,United States,19
47,51,UNIVERSITY OF BRITISH COLUMBIA,4,Canada,9
48,47,THE UNIVERSITY OF QUEENSLAND (UQ),-1,Australia,11
49,46,THE CHINESE UNIVERSITY OF HONG KONG (CUHK),-3,Hong Kong,76
51,44,UNIVERSITY OF BRISTOL,-7,United Kingdom,15
52,54,DELFT UNIVERSITY OF TECHNOLOGY,2,Netherlands,5
53,55,UNIVERSITY OF WISCONSIN-MADISON,2,United States,19
54,57,THE UNIVERSITY OF WARWICK,3,United Kingdom,15
55,49,CITY UNIVERSITY OF HONG KONG,-6,Hong Kong,76
56,53,BROWN UNIVERSITY,-3,United States,19
57,58,UNIVERSITY OF AMSTERDAM,1,Netherlands,5
58,56,TOKYO INSTITUTE OF TECHNOLOGY,-2,Japan,58
59,60,MONASH UNIVERSITY,1,Australia,11
59,62,SHANGHAI JIAO TONG UNIVERSITY,3,China,93
61,64,TECHNISCHE UNIVERSITÄT MÜNCHEN,3,Germany,17
62,66,LUDWIG-MAXIMILIANS-UNIVERSITÄT MÜNCHEN,4,Germany,17
63,67,UNIVERSITY OF TEXAS AT AUSTIN,4,United States,19
64,68,RUPRECHT-KARLS-UNIVERSITÄT HEIDELBERG,4,Germany,17
65,59,ECOLE POLYTECHNIQUE,-6,France,24
66,61,UNIVERSITY OF WASHINGTON,-5,United States,19
67,63,OSAKA UNIVERSITY,-4,Japan,58
68,87,ZHEJIANG UNIVERSITY,19,China,93
69,70,GEORGIA INSTITUTE OF TECHNOLOGY (GEORGIA TECH),1,United States,19
69,65,UNIVERSITY OF GLASGOW,-4,United Kingdom,15
71,69,UNIVERSITY OF ILLINOIS AT URBANA-CHAMPAIGN,-2,United States,19
72,76,NATIONAL TAIWAN UNIVERSITY (NTU),4,Taiwan,25
73,75,UNIVERSIDAD DE BUENOS AIRES,2,Argentina,47
74,78,DURHAM UNIVERSITY,4,United Kingdom,15
75,82,THE UNIVERSITY OF SHEFFIELD,7,United Kingdom,15
77,76,TOHOKU UNIVERSITY,-1,Japan,58
78,73,UNIVERSITY OF ZURICH,-5,Switzerland,6
79,84,UNIVERSITY OF BIRMINGHAM,5,United Kingdom,15
79,73,UNIVERSITY OF COPENHAGEN,-6,Denmark,2
81,71,KATHOLIEKE UNIVERSITEIT LEUVEN,-10,Belgium,18
82,84,THE UNIVERSITY OF NOTTINGHAM,2,United Kingdom,15
83,71,POHANG UNIVERSITY OF SCIENCE AND TECHNOLOGY (POSTECH),-12,South Korea,54
83,80,"UNIVERSITY OF NORTH CAROLINA, CHAPEL HILL",-3,United States,19
85,82,THE UNIVERSITY OF AUCKLAND,-3,New Zealand,8
86,90,KOREA UNIVERSITY,4,South Korea,54
87,89,RICE UNIVERSITY,2,United States,19
87,114,UNIVERSITI MALAYA (UM),27,Malaysia,80
89,86,OHIO STATE UNIVERSITY,-3,United States,19
90,95,LOMONOSOV MOSCOW STATE UNIVERSITY,5,Russia,68
91,93,THE UNIVERSITY OF WESTERN AUSTRALIA (UWA),2,Australia,11
92,78,LUND UNIVERSITY,-14,Sweden,7
93,81,BOSTON UNIVERSITY,-12,United States,19
93,101,UNIVERSITY OF LEEDS,8,United Kingdom,15
95,93,PENNSYLVANIA STATE UNIVERSITY,-2,United States,19
96,102,UNIVERSITY OF SOUTHAMPTON,6,United Kingdom,15
97,92,UNIVERSITY OF ST ANDREWS,-5,United Kingdom,15
98,97,UNIVERSITY OF SCIENCE AND TECHNOLOGY OF CHINA,-1,China,93
99,104,EINDHOVEN UNIVERSITY OF TECHNOLOGY,5,Netherlands,5
100,105,PURDUE UNIVERSITY,5,United States,19
100,108,SUNGKYUNKWAN UNIVERSITY,8,South Korea,54
100,118,"UNIVERSITY OF CALIFORNIA, DAVIS (UCD)",18,United States,19
100,100,WASHINGTON UNIVERSITY IN ST. LOUIS,0,United States,19
104,98,"KTH, ROYAL INSTITUTE OF TECHNOLOGY",-6,Sweden,7
104,88,TRINITY COLLEGE DUBLIN (TCD),-16,Ireland,16
106,95,THE HONG KONG POLYTECHNIC UNIVERSITY,-11,Hong Kong,76
107,106,YONSEI UNIVERSITY,-1,South Korea,54
108,98,UNIVERSITY OF GENEVA,-10,Switzerland,6
109,90,UNIVERSITY OF ALBERTA,-19,Canada,9
110,102,UNIVERSITY OF HELSINKI,-8,Finland,1
111,116,NAGOYA UNIVERSITY,5,Japan,58
112,116,TECHNICAL UNIVERSITY OF DENMARK,4,Denmark,2
113,122,UNIVERSIDAD NACIONAL AUTÓNOMA DE MÉXICO (UNAM),9,Mexico,23
114,109,THE UNIVERSITY OF ADELAIDE,-5,Australia,11
115,132,UNIVERSITY OF SOUTHERN CALIFORNIA,17,United States,19
116,107,"KIT, KARLSRUHER INSTITUT FÜR TECHNOLOGIE",-9,Germany,17
117,112,UPPSALA UNIVERSITY,-5,Sweden,7
118,121,UNIVERSIDADE DE SÃO PAULO (USP),3,Brazil,32
119,127,QUEEN MARY UNIVERSITY OF LONDON (QMUL),8,United Kingdom,15
120,113,UNIVERSITY OF GRONINGEN,-7,Netherlands,5
121,120,HUMBOLDT-UNIVERSITÄT ZU BERLIN,-1,Germany,17
122,109,LEIDEN UNIVERSITY,-13,Netherlands,5
122,114,NANJING UNIVERSITY,-8,China,93
124,109,UTRECHT UNIVERSITY,-15,Netherlands,5
125,124,WAGENINGEN UNIVERSITY,-1,Netherlands,5
126,128,KYUSHU UNIVERSITY,2,Japan,58
126,129,"UNIVERSITY OF MARYLAND, COLLEGE PARK",3,United States,19
128,133,CHALMERS UNIVERSITY OF TECHNOLOGY,5,Sweden,7
128,122,HOKKAIDO UNIVERSITY,-6,Japan,58
130,125,FREIE UNIVERSITÄT BERLIN,-5,Germany,17
131,135,LANCASTER UNIVERSITY,4,United Kingdom,15
132,137,PONTIFICIA UNIVERSIDAD CATÓLICA DE CHILE,5,Chile,26
132,134,"UNIVERSITY OF CALIFORNIA, SANTA BARBARA (UCSB)",2,United States,19
134,135,UNIVERSITY OF YORK,1,United Kingdom,15
135,142,UNIVERSITY OF OSLO,7,Norway,3
136,142,UNIVERSITY OF PITTSBURGH,6,United States,19
137,177,CENTRALESUPÉLEC,40,France,24
138,125,UNIVERSITY OF GHENT,-13,Belgium,18
139,167,UNIVERSITY OF BERN,28,Switzerland,6
140,137,AALTO UNIVERSITY,-3,Finland,1
141,119,AARHUS UNIVERSITY,-22,Denmark,2
141,149,MICHIGAN STATE UNIVERSITY,8,United States,19
141,161,NEWCASTLE UNIVERSITY,20,United Kingdom,15
144,141,RHEINISCH-WESTFÄLISCHE TECHNISCHE HOCHSCHULE AACHEN,-3,Germany,17
145,137,CARDIFF UNIVERSITY,-8,United Kingdom,15
146,140,MCMASTER UNIVERSITY,-6,Canada,9
147,144,TECHNISCHE UNIVERSITÄT BERLIN,-3,Germany,17
148,147,EMORY UNIVERSITY,-1,United States,19
149,130,UNIVERSITÉ DE MONTRÉAL,-19,Canada,9
149,146,UNIVERSITY OF LAUSANNE,-3,Switzerland,6
151,155,HANYANG UNIVERSITY,4,South Korea,54
151,173,UNIVERSITY OF LIVERPOOL,22,United Kingdom,15
153,157,ÉCOLE NORMALE SUPÉRIEURE DE LYON,4,France,24
154,145,HEBREW UNIVERSITY OF JERUSALEM,-9,Israel,13
154,158,UNIVERSITY OF EXETER,4,United Kingdom,15
156,170,POLITECNICO DI MILANO,14,Italy,36
156,163,UNIVERSITY OF MINNESOTA,7,United States,19
158,160,UNIVERSITY OF BATH,2,United Kingdom,15
159,187,UNIVERSIDAD AUTÓNOMA DE MADRID,28,Spain,30
160,149,UNIVERSITY OF BASEL,-11,Switzerland,6
160,176,UNIVERSITY OF TECHNOLOGY SYDNEY (UTS),16,Australia,11
162,179,INDIAN INSTITUTE OF TECHNOLOGY BOMBAY (IITB),17,India,140
163,161,NATIONAL TSING HUA UNIVERSITY,-2,Taiwan,25
163,152,UNIVERSITY OF WATERLOO,-11,Canada,9
165,153,UNIVERSITÉ CATHOLIQUE DE LOUVAIN (UCL),-12,Belgium,18
166,156,UNIVERSITAT DE BARCELONA (UB),-10,Spain,30
167,192,SCUOLA SUPERIORE SANT'ANNA PISA,25,Italy,36
168,164,EBERHARD KARLS UNIVERSITÄT TÜBINGEN,-4,Germany,17
169,164,"UNIVERSITY OF CALIFORNIA, IRVINE (UCI)",-5,United States,19
170,190,INDIAN INSTITUTE OF SCIENCE (IISC) BANGALORE,20,India,140
171,164,UNIVERSITY OF BERGEN,-7,Norway,3
172,172,INDIAN INSTITUTE OF TECHNOLOGY DELHI (IITD),0,India,140
172,158,UNIVERSITY OF ABERDEEN,-14,United Kingdom,15
172,179,UNIVERSITY OF TWENTE,7,Netherlands,5
175,192,SCUOLA NORMALE SUPERIORE DI PISA,17,Italy,36
175,154,UNIVERSITÄT WIEN,-21,Austria,10
175,151,UNIVERSITY OF OTAGO,-24,New Zealand,8
178,199,TECNOLÓGICO DE MONTERREY (ITESM),21,Mexico,23
179,147,ERASMUS UNIVERSITY ROTTERDAM,-32,Netherlands,5
180,202,QUEEN'S UNIVERSITY OF BELFAST,22,United Kingdom,15
180,188,UNIVERSITÀ DI BOLOGNA (UNIBO),8,Italy,36
180,178,UNIVERSITY OF FLORIDA,-2,United States,19
183,169,DARTMOUTH COLLEGE,-14,United States,19
184,230,UNIVERSITI KEBANGSAAN MALAYSIA (UKM),46,Malaysia,80
184,186,UNIVERSITY OF ROCHESTER,2,United States,19
186,213,CASE WESTERN RESERVE UNIVERSITY,27,United States,19
186,171,UNIVERSITÄT FREIBURG,-15,Germany,17
188,182,VRIJE UNIVERSITEIT BRUSSEL (VUB),-6,Belgium,18
189,173,KING FAHD UNIVERSITY OF PETROLEUM & MINERALS (KFUPM),-16,Saudi Arabia,28
190,182,UNIVERSITY OF COLORADO AT BOULDER,-8,United States,19
191,195,TECHNISCHE UNIVERSITÄT DRESDEN,4,Germany,17
192,173,UNIVERSITY OF VIRGINIA,-19,United States,19
193,195,UNIVERSITAT AUTÓNOMA DE BARCELONA,2,Spain,30
193,168,UNIVERSITY COLLEGE DUBLIN (UCD),-25,Ireland,16
195,188,UNIVERSITY OF READING,-7,United Kingdom,15
195,212,VANDERBILT UNIVERSITY,17,United States,19
197,181,GEORG-AUGUST-UNIVERSITÄT GÖTTINGEN,-16,Germany,17
198,192,KEIO UNIVERSITY,-6,Japan,58
199,182,TECHNISCHE UNIVERSITÄT WIEN,-17,Austria,10
200,195,STOCKHOLM UNIVERSITY,-5,Sweden,7
200,191,UNIVERSITY OF CAPE TOWN,-9,South Africa,106
202,229,UNIVERSITI PUTRA MALAYSIA (UPM),27,Malaysia,80
203,195,TEXAS A&M UNIVERSITY,-8,United States,19
204,204,RADBOUD UNIVERSITY NIJMEGEN,0,Netherlands,5
204,182,UNIVERSIDADE ESTADUAL DE CAMPINAS (UNICAMP),-22,Brazil,32
206,233,UNIVERSIDAD COMPLUTENSE DE MADRID (UCM),27,Spain,30
207,264,UNIVERSITI SAINS MALAYSIA (USM),57,Malaysia,80
208,207,NATIONAL CHIAO TUNG UNIVERSITY,-1,Taiwan,25
208,201,UNIVERSIDAD DE CHILE,-7,Chile,26
208,203,WASEDA UNIVERSITY,-5,Japan,58
211,200,MAASTRICHT UNIVERSITY,-11,Netherlands,5
212,209,ARIZONA STATE UNIVERSITY,-3,United States,19
212,216,UNIVERSITY OF NOTRE DAME,4,United States,19
214,207,"UNIVERSITY OF ILLINOIS, CHICAGO (UIC)",-7,United States,19
214,224,UNIVERSITY OF NEWCASTLE,10,Australia,11
214,210,WESTERN UNIVERSITY,-4,Canada,9
217,215,SAPIENZA - UNIVERSITÀ DI ROMA,-2,Italy,36
218,234,LOUGHBOROUGH UNIVERSITY,16,United Kingdom,15
218,232,UNIVERSITY OF WOLLONGONG,14,Australia,11
220,236,AL-FARABI KAZAKH NATIONAL UNIVERSITY,16,Kazakhstan,60
221,220,SCIENCES PO PARIS,-1,France,24
221,219,VICTORIA UNIVERSITY OF WELLINGTON,-2,New Zealand,8
223,223,UNIVERSITÄT HAMBURG,0,Germany,17
223,210,UNIVERSITY OF ANTWERP,-13,Belgium,18
223,238,UNIVERSITY OF LEICESTER,15,United Kingdom,15
226,227,GEORGETOWN UNIVERSITY,1,United States,19
227,228,UNIVERSITY OF SUSSEX,1,United Kingdom,15
228,253,UNIVERSITI TEKNOLOGI MALAYSIA (UTM),25,Malaysia,80
229,217,UNIVERSITY OF CALGARY,-12,Canada,9
230,205,TEL AVIV UNIVERSITY,-25,Israel,13
231,267,KING ABDUL AZIZ UNIVERSITY (KAU),36,Saudi Arabia,28
231,214,UNIVERSITY OF CANTERBURY,-17,New Zealand,8
231,218,VRIJE UNIVERSITEIT AMSTERDAM,-13,Netherlands,5
234,222,NATIONAL CHENG KUNG UNIVERSITY,-12,Taiwan,25
235,240,SAINT-PETERSBURG STATE UNIVERSITY,5,Russia,68
236,259,ROYAL HOLLOWAY UNIVERSITY OF LONDON,23,United Kingdom,15
237,235,AMERICAN UNIVERSITY OF BEIRUT (AUB),-2,Lebanon,91
237,243,TUFTS UNIVERSITY,6,United States,19
239,224,QUEEN'S UNIVERSITY,-15,Canada,9
239,205,UNIVERSITÉ LIBRE DE BRUXELLES (ULB),-34,Belgium,18
239,242,UNIVERSITÉ PARIS-SUD 11,3,France,24
242,270,UNIVERSIDAD DE NAVARRA,28,Spain,30
242,252,UNIVERSITY OF MIAMI,10,United States,19
244,250,NOVOSIBIRSK STATE UNIVERSITY,6,Russia,68
244,247,QUEENSLAND UNIVERSITY OF TECHNOLOGY (QUT),3,Australia,11
246,230,UNIVERSITY OF ARIZONA,-16,United States,19
247,224,TECHNION - ISRAEL INSTITUTE OF TECHNOLOGY,-23,Israel,13
248,264,UNIVERSITY OF SURREY,16,United Kingdom,15
249,296,UNIVERSITÀ DEGLI STUDI DI PADOVA (UNIPD),47,Italy,36
250,262,CURTIN UNIVERSITY,12,Australia,11
250,240,MACQUARIE UNIVERSITY,-10,Australia,11
250,247,RMIT UNIVERSITY,-3,Australia,11
253,272,TECHNISCHE UNIVERSITÄT DARMSTADT,19,Germany,17
253,281,UNIVERSIDAD CARLOS III DE MADRID,28,Spain,30
255,239,RHEINISCHE FRIEDRICH-WILHELMS-UNIVERSITÄT BONN,-16,Germany,17
256,221,KING SAUD UNIVERSITY (KSU),-35,Saudi Arabia,28
257,264,NATIONAL TAIWAN UNIVERSITY OF SCIENCE AND TECHNOLOGY,7,Taiwan,25
257,282,WUHAN UNIVERSITY,25,China,93
259,249,"UNIVERSITY OF MASSACHUSETTS, AMHERST",-10,United States,19
260,243,"NATIONAL UNIVERSITY OF IRELAND, GALWAY (NUIG)",-17,Ireland,16
260,259,UNIVERSITÄT STUTTGART,-1,Germany,17
260,250,UNIVERSITY OF TSUKUBA,-10,Japan,58
263,270,ECOLE DES PONTS PARISTECH,7,France,24
352,351,KOBE UNIVERSITY,-1,Japan,58
264,264,INDIAN INSTITUTE OF TECHNOLOGY MADRAS (IITM),0,India,140
264,256,KYUNG HEE UNIVERSITY,-8,South Korea,54
264,245,SIMON FRASER UNIVERSITY,-19,Canada,9
264,279,UNIVERSITY OF SOUTH AUSTRALIA (UNISA),15,Australia,11
268,277,UNIVERSITY OF STRATHCLYDE,9,United Kingdom,15
269,274,UNIVERSITY OF EAST ANGLIA (UEA),5,United Kingdom,15
269,283,UNIVERSITY OF GOTHENBURG,14,Sweden,7
271,245,CHULALONGKORN UNIVERSITY,-26,Thailand,52
272,256,UNIVERSIDAD DE LOS ANDES COLOMBIA,-16,Colombia,43
272,267,UNIVERSITY OF DUNDEE,-5,United Kingdom,15
274,292,UNIVERSITY OF WAIKATO,18,New Zealand,8
275,254,UNIVERSIDAD NACIONAL DE COLOMBIA,-21,Colombia,43
275,275,UNIVERSITAT POLITÈCNICA DE CATALUNYA,0,Spain,30
277,299,HONG KONG BAPTIST UNIVERSITY (HKBU),22,Hong Kong,76
277,323,TOMSK STATE UNIVERSITY,46,Russia,68
279,279,DALHOUSIE UNIVERSITY,0,Canada,9
279,263,NORTH CAROLINA STATE UNIVERSITY,-16,United States,19
279,254,UNIVERSITÄT FRANKFURT AM MAIN,-25,Germany,17
279,286,UNIVERSITÄT INNSBRUCK,7,Austria,10
283,293,INDIAN INSTITUTE OF TECHNOLOGY KANPUR (IITK),10,India,140
283,283,"RUTGERS - THE STATE UNIVERSITY OF NEW JERSEY, NEW BRUNSWICK",0,United States,19
285,325,HARBIN INSTITUTE OF TECHNOLOGY,40,China,93
285,276,UNIVERSITY OF TURKU,-9,Finland,1
287,313,UNIVERSITY OF TASMANIA,26,Australia,11
288,296,"SOAS - SCHOOL OF ORIENTAL AND AFRICAN STUDIES, UNIVERSITY OF LONDON",8,United Kingdom,15
289,236,UNIVERSITÉ GRENOBLE-ALPES (UGA),-53,France,24
289,289,UNIVERSITY OF OTTAWA,0,Canada,9
291,316,TONGJI UNIVERSITY,25,China,93
292,256,BEIJING NORMAL UNIVERSITY,-36,China,93
292,329,NATIONAL YANG MING UNIVERSITY,37,Taiwan,25
292,277,UNIVERSITY OF INDONESIA,-15,Indonesia,92
295,308,INDIAN INSTITUTE OF TECHNOLOGY KHARAGPUR (IITKGP),13,India,140
295,319,SUN YAT-SEN UNIVERSITY,24,China,93
295,305,UNIVERSITÉ PARIS DIDEROT - PARIS 7,10,France,24
298,296,UNIVERSITAT POMPEU FABRA,-2,Spain,30
299,291,BAUMAN MOSCOW STATE TECHNICAL UNIVERSITY,-8,Russia,68
299,287,UNIVERSITÄT ERLANGEN-NÜRNBERG,-12,Germany,17
299,269,UNIVERSITÉ PARIS 1 PANTHÉON-SORBONNE,-30,France,24
302,312,HERIOT-WATT UNIVERSITY,10,United Kingdom,15
302,287,LINKÖPING UNIVERSITY,-15,Sweden,7
302,341,UNIVERSITY OF HAWAII AT M?NOA,39,United States,19
305,330,ECOLE NORMALE SUPÉRIEURE DE CACHAN,25,France,24
306,308,"BIRKBECK COLLEGE, UNIVERSITY OF LONDON",2,United Kingdom,15
306,331,UNIVERSITÄT KÖLN,25,Germany,17
308,289,NATIONAL TAIWAN NORMAL UNIVERSITY,-19,Taiwan,25
309,293,DEAKIN UNIVERSITY,-16,Australia,11
310,373,UNIVERSIDAD POLITECNICA DE VALENCIA,63,Spain,30
310,325,YESHIVA UNIVERSITY,15,United States,19
312,355,MOSCOW INSTITUTE OF PHYSICS AND TECHNOLOGY STATE UNIVERSITY,43,Russia,68
313,318,UNIVERSITY AT BUFFALO SUNY,5,United States,19
313,344,XI'AN JIAOTONG UNIVERSITY,31,China,93
315,339,GWANGJU INSTITUTE OF SCIENCE AND TECHNOLOGY (GIST),24,South Korea,54
315,451,KHALIFA UNIVERSITY,136,United Arab Emirates,21
317,314,CHARLES UNIVERSITY,-3,Czech Republic,20
317,319,LINCOLN UNIVERSITY,2,New Zealand,8
319,299,EWHA WOMANS UNIVERSITY,-20,South Korea,54
319,357,TILBURG UNIVERSITY,38,Netherlands,5
321,322,HIROSHIMA UNIVERSITY,1,Japan,58
321,314,UNIVERSITY OF TARTU,-7,Estonia,55
323,304,INDIANA UNIVERSITY BLOOMINGTON,-19,United States,19
325,325,UNIVERSITÀ DEGLI STUDI DI MILANO,0,Italy,36
326,346,NORTHEASTERN UNIVERSITY,20,United States,19
326,341,UNIVERSITÄT JENA,15,Germany,17
328,301,UNIVERSITY OF PORTO,-27,Portugal,66
329,325,GRIFFITH UNIVERSITY,-4,Australia,11
329,373,"NATIONAL RESEARCH NUCLEAR UNIVERSITY '"MEPHI'" (MOSCOW ENGINEERING PHYSICS INSTITUTE)",44,Russia,68
329,308,WESTFÄLISCHE WILHELMS-UNIVERSITÄT MÜNSTER,-21,Germany,17
332,346,BRUNEL UNIVERSITY,14,United Kingdom,15
332,316,MASSEY UNIVERSITY,-16,New Zealand,8
332,349,QATAR UNIVERSITY,17,Qatar,29
332,357,UNIVERSITÄT ULM,25,Germany,17
336,301,"UNIVERSITY OF CALIFORNIA, SANTA CRUZ (UCSC)",-35,United States,19
336,357,UNIVERSITY OF JYVÄSKYLÄ,21,Finland,1
338,344,NANKAI UNIVERSITY,6,China,93
338,338,UMEÅ UNIVERSITY,0,Sweden,7
338,388,UNIVERSITÄT MANNHEIM,50,Germany,17
338,283,UNIVERSITY COLLEGE CORK (UCC),-55,Ireland,16
338,367,VIRGINIA POLYTECHNIC INSTITUTE (VIRGINIA TECH),29,United States,19
343,379,AALBORG UNIVERSITY,36,Denmark,2
343,382,NATIONAL RESEARCH UNIVERSITY - HIGHER SCHOOL OF ECONOMICS (HSE),39,Russia,68
345,352,GEORGE WASHINGTON UNIVERSITY,7,United States,19
345,364,RENSSELAER POLYTECHNIC INSTITUTE,19,United States,19
345,391,UNIVERSITY OF UTAH,46,United States,19
348,303,UNIVERSITÉ DE STRASBOURG,-45,France,24
349,382,STONY BROOK UNIVERSITY,33,United States,19
350,390,UNITED ARAB EMIRATES UNIVERSITY,40,United Arab Emirates,21
351,343,CITY UNIVERSITY LONDON,-8,United Kingdom,15
352,367,TOKYO MEDICAL AND DENTAL UNIVERSITY,15,Japan,58
354,334,BELARUS STATE UNIVERSITY,-20,Belarus,81
355,373,MOSCOW STATE INSTITUTE OF INTERNATIONAL RELATIONS  MGIMO UNIVERSITY,18,Russia,68
355,347,UNIVERSITY OF ESSEX,-8,United Kingdom,15
355,373,UNIVERSITY OF KENT,18,United Kingdom,15
355,305,UNIVERSITY OF LISBON,-50,Portugal,66
359,331,BANDUNG INSTITUTE OF TECHNOLOGY (ITB),-28,Indonesia,92
359,346,UNIVERSITY OF VICTORIA,-13,Canada,9
361,311,UNIVERSIDADE FEDERAL DO RIO DE JANEIRO,-50,Brazil,32
362,398,TAIPEI MEDICAL UNIVERSITY,36,Taiwan,25
363,259,NORWEGIAN UNIVERSITY OF SCIENCE AND TECHNOLOGY,-104,Norway,3
363,361,OXFORD BROOKES UNIVERSITY,-2,United Kingdom,15
363,501,TECHNISCHE UNIVERSITÄT GRAZ,138,Austria,10
366,380,TAMPERE UNIVERSITY OF TECHNOLOGY,14,Finland,1
367,331,UNIVERSIDAD AUSTRAL,-36,Argentina,47
367,386,UNIVERSITY OF KANSAS,19,United States,19
369,367,JAMES COOK UNIVERSITY (JCU),-2,Australia,11
369,364,PONTIFICIA UNIVERSIDAD CATÓLICA ARGENTINA SANTA MARÍA DE LOS BUENOS AIRES (UCA),-5,Argentina,47
369,367,UNIVERSITY OF TROMSO,-2,Norway,3
372,401,RUHR-UNIVERSITÄT BOCHUM,29,Germany,17
373,386,TOMSK POLYTECHNIC UNIVERSITY,13,Russia,68
373,421,UNIVERSITY OF CONNECTICUT,48,United States,19
375,372,UNIVERSITY OF ST GALLEN (HSG),-3,Switzerland,6
376,411,AMERICAN UNIVERSITY OF SHARJAH,35,United Arab Emirates,21
376,339,BOSTON COLLEGE,-37,United States,19
376,411,UNIVERSITY OF OULU,35,Finland,1
376,384,UNIVERSITY OF SOUTHERN DENMARK,8,Denmark,2
380,334,MAHIDOL UNIVERSITY,-46,Thailand,52
381,373,ASTON UNIVERSITY,-8,United Kingdom,15
381,431,INDIAN INSTITUTE OF TECHNOLOGY ROORKEE (IITR),50,India,140
381,364,UNIVERSITY OF THE WITWATERSRAND,-17,South Africa,106
384,337,UNIVERSIDAD DE BELGRANO,-47,Argentina,47
384,323,"UNIVERSITY OF CALIFORNIA, RIVERSIDE (UCR)",-61,United States,19
384,367,UNIVERSITY OF THE PHILIPPINES,-17,Philippines,69
387,397,HUFS  HANKUK (KOREA) UNIVERSITY OF FOREIGN STUDIES,10,South Korea,54
387,307,POLITECNICO DI TORINO,-80,Italy,36
387,421,SWINBURNE UNIVERSITY OF TECHNOLOGY,34,Australia,11
387,411,WAKE FOREST UNIVERSITY,24,United States,19
391,401,UNIVERSITAS GADJAH MADA,10,Indonesia,92
391,319,UNIVERSITY OF LIEGE,-72,Belgium,18
391,401,WASHINGTON STATE UNIVERSITY,10,United States,19
394,336,L.N. GUMILYOV EURASIAN NATIONAL UNIVERSITY,-58,Kazakhstan,60
394,411,UNIVERSITY OF WARSAW,17,Poland,40
396,398,"GOLDSMITHS, UNIVERSITY OF LONDON",2,United Kingdom,15
397,360,LA TROBE UNIVERSITY,-37,Australia,11
397,385,UNIVERSITÄT KONSTANZ,-12,Germany,17
397,394,UNIVERSITY OF COLORADO AT DENVER,-3,United States,19
402,378,LAVAL UNIVERSITY,-24,Canada,9
402,388,NATIONAL SUN YAT-SEN UNIVERSITY,-14,Taiwan,25
404,401,PETER THE GREAT ST.PETERSBURG POLYTECHNIC UNIVERSITY,-3,Russia,68
405,361,STELLENBOSCH UNIVERSITY,-44,South Africa,106
405,361,UNIVERSIDADE NOVA DE LISBOA,-44,Portugal,66
407,352,BEN GURION UNIVERSITY OF THE NEGEV,-55,Israel,13
407,398,JOHANNES GUTENBERG UNIVERSITÄT MAINZ,-9,Germany,17
407,401,UNIVERSIDAD EXTERNADO DE COLOMBIA,-6,Colombia,43
407,401,UNIVERSITY OF COIMBRA,-6,Portugal,66
411,461,JAGIELLONIAN UNIVERSITY,50,Poland,40
412,451,TULANE UNIVERSITY,39,United States,19
412,461,UNIVERSIDAD DE ZARAGOZA,49,Spain,30
412,491,URAL FEDERAL UNIVERSITY,79,Russia,68
415,471,HUAZHONG UNIVERSITY OF SCIENCE AND TECHNOLOGY,56,China,93
415,391,NATIONAL CENTRAL UNIVERSITY,-24,Taiwan,25
417,431,NATIONAL UNIVERSITY OF SCIENCES AND TECHNOLOGY (NUST) ISLAMABAD,14,Pakistan,67
417,401,UNIVERSITY OF STIRLING,-16,United Kingdom,15
419,451,UNIVERSITY OF TENNESSEE,32,United States,19
420,395,AMERICAN UNIVERSITY IN CAIRO,-25,Egypt,137
420,431,UNIVERSIDAD DE PALERMO,11,Argentina,47
422,391,DUBLIN CITY UNIVERSITY (DCU),-31,Ireland,16
422,421,SHANGHAI UNIVERSITY,-1,China,93
422,421,UNIVERSITÀ DI PISA,-1,Italy,36
422,381,UNIVERSITÉ DE MONTPELLIER,-41,France,24
426,395,ILLINOIS INSTITUTE OF TECHNOLOGY,-31,United States,19
426,441,UNIVERSITÀ DEGLI STUDI DI TRENTO,15,Italy,36
426,421,UNIVERSITY OF TEXAS DALLAS,-5,United States,19
429,411,BRANDEIS UNIVERSITY,-18,United States,19
429,481,CHANG GUNG UNIVERSITY,52,Taiwan,25
431,421,THE UNIVERSITY OF GEORGIA,-10,United States,19
432,481,ABERYSTWYTH UNIVERSITY,49,United Kingdom,15
432,471,DONGGUK UNIVERSITY,39,South Korea,54
432,471,SHARIF UNIVERSITY OF TECHNOLOGY,39,Iran,117
435,441,BANGOR UNIVERSITY,6,United Kingdom,15
435,441,SOGANG UNIVERSITY,6,South Korea,54
435,431,SWANSEA UNIVERSITY,-4,United Kingdom,15
435,421,UNIVERSITY OF IOWA,-14,United States,19
439,441,KAZAN FEDERAL UNIVERSITY,2,Russia,68
439,421,UNIVERSITY OF DELAWARE,-18,United States,19
531,551,SOUTHERN FEDERAL UNIVERSITY,20,Russia,68
439,461,WAYNE STATE UNIVERSITY,22,United States,19
443,431,BOND UNIVERSITY,-12,Australia,11
443,471,TIANJIN UNIVERSITY,28,China,93
446,401,NATIONAL TECHNICAL UNIVERSITY OF ATHENS,-45,Greece,82
446,501,RUDN UNIVERSITY,55,Russia,68
448,471,KING KHALID UNIVERSITY,23,Saudi Arabia,28
448,431,KOÇ UNIVERSITY,-17,Turkey,79
450,481,COLORADO STATE UNIVERSITY,31,United States,19
450,441,OREGON STATE UNIVERSITY,-9,United States,19
453,431,CHRISTIAN-ALBRECHTS-UNIVERSITÄT ZU KIEL,-22,Germany,17
453,411,UNIVERSITÉ AIX-MARSEILLE,-42,France,24
453,481,"UNIVERSITY OF MARYLAND, BALTIMORE COUNTY",28,United States,19
456,421,BILKENT UNIVERSITY,-35,Turkey,79
456,421,HITOTSUBASHI UNIVERSITY,-35,Japan,58
456,471,JOHANNES KEPLER UNIVERSITÄT LINZ (JKU),15,Austria,10
601,551,IRAN UNIVERSITY OF SCIENCE AND TECHNOLOGY,-50,Iran,117
456,501,THE CATHOLIC UNIVERSITY OF KOREA,45,South Korea,54
460,501,YOKOHAMA CITY UNIVERSITY,41,Japan,58
461,501,CLARK UNIVERSITY,40,United States,19
461,501,UNIVERSITÄT DES SAARLANDES,40,Germany,17
461,451,UNIVERSITY OF SASKATCHEWAN,-10,Canada,9
464,441,AUCKLAND UNIVERSITY OF TECHNOLOGY,-23,New Zealand,8
464,451,BEIJING INSTITUTE OF TECHNOLOGY,-13,China,93
464,501,CHIBA UNIVERSITY,37,Japan,58
464,431,CONCORDIA UNIVERSITY,-33,Canada,9
464,411,KAZAKH NATIONAL TECHNICAL UNIVERSITY AFTER K.I.SATPAYEV,-53,Kazakhstan,60
464,501,UNIVERSIDADE FEDERAL DE SÃO PAULO (UNIFESP),37,Brazil,32
470,491,UNIVERSIDAD POLITÉCNICA DE MADRID,21,Spain,30
470,501,UNIVERSITY OF SZEGED,31,Hungary,62
472,431,FLORIDA STATE UNIVERSITY,-41,United States,19
472,501,INDIAN INSTITUTE OF TECHNOLOGY GUWAHATI (IITG),29,India,140
472,481,UNIVERSITÀ DEGLI STUDI DI NAPOLI FEDERICO II,9,Italy,36
475,491,JILIN UNIVERSITY,16,China,93
476,501,"NATIONAL UNIVERSITY OF SCIENCE AND TECHNOLOGY '"MISIS'"",25,Russia,68
476,431,XIAMEN UNIVERSITY,-45,China,93
478,551,FLINDERS UNIVERSITY,73,Australia,11
478,451,INSTITUT NATIONAL DES SCIENCES APPLIQUÉES DE LYON (INSA),-27,France,24
480,501,M.O.AUEZOV SOUTH KAZAKHSTAN STATE UNIVERSITY,21,Kazakhstan,60
481,491,KAZAKH NATIONAL PEDAGOGICAL UNIVERSITY ABAI,10,Kazakhstan,60
481,551,UNIVERSIDAD DE ALCALÁ,70,Spain,30
481,451,UNIVERSITY OF EASTERN FINLAND,-30,Finland,1
591,501,"KINGSTON UNIVERSITY, LONDON",-90,United Kingdom,15
481,401,V.N. KARAZIN KHARKIV NATIONAL UNIVERSITY,-80,Ukraine,133
481,441,YORK UNIVERSITY,-40,Canada,9
487,481,UNIVERSITY OF DELHI,-6,India,140
488,401,VILNIUS UNIVERSITY,-87,Lithuania,42
489,471,IOWA STATE UNIVERSITY,-18,United States,19
489,501,UNIVERSITÉ DE BORDEAUX,12,France,24
491,551,BEIHANG UNIVERSITY,60,China,93
491,491,"UNIVERSIDADE ESTADUAL PAULISTA '"JÚLIO DE MESQUITA FILHO'"",0,Brazil,32
491,481,UNIVERSITÀ CATTOLICA DEL SACRO CUORE,-10,Italy,36
494,461,UNIVERSITY OF NEW MEXICO,-33,United States,19
495,501,UNIVERSIDAD DE GRANADA,6,Spain,30
495,501,UNIVERSITÄT HOHENHEIM,6,Germany,17
495,501,UNIVERSITY OF OKLAHOMA,6,United States,19
498,501,AMIRKABIR UNIVERSITY OF TECHNOLOGY,3,Iran,117
498,551,WESTERN SYDNEY UNIVERSITY,53,Australia,11
551,471,MIDDLE EAST TECHNICAL UNIVERSITY,-80,Turkey,79
500,441,SINGAPORE MANAGEMENT UNIVERSITY,-59,Singapore,34
500,501,TECHNISCHE UNIVERSITÄT BRAUNSCHWEIG,1,Germany,17
500,491,UNIVERSITÉ SAINT-JOSEPH DE BEYROUTH,-9,Lebanon,91
500,551,UNIVERSITY OF SCIENCE AND TECHNOLOGY BEIJING,51,China,93
501,501,DREXEL UNIVERSITY,0,United States,19
501,501,EAST CHINA NORMAL UNIVERSITY,0,China,93
501,551,HOWARD UNIVERSITY,50,United States,19
501,501,LEHIGH UNIVERSITY,0,United States,19
501,551,NATIONAL RESEARCH SARATOV STATE UNIVERSITY,50,Russia,68
501,491,PUSAN NATIONAL UNIVERSITY,-10,South Korea,54
501,461,SABANCI UNIVERSITY,-40,Turkey,79
501,411,UNIVERSIDAD DE COSTA RICA,-90,Costa Rica,12
501,461,UNIVERSITÀ DEGLI STUDI DI FIRENZE (UNIFI),-40,Italy,36
501,551,UNIVERSITY OF ULSAN,50,South Korea,54
511,601,ITMO UNIVERSITY,90,Russia,68
511,551,KUMAMOTO UNIVERSITY,40,Japan,58
511,501,OKAYAMA UNIVERSITY,-10,Japan,58
511,501,SOUTHEAST UNIVERSITY,-10,China,93
511,451,UNIVERSIDAD DE SANTIAGO DE CHILE (USACH),-60,Chile,26
511,461,UNIVERSITÁ DEGLI STUDI DI ROMA - TOR VERGATA,-50,Italy,36
511,481,UNIVERSITÄT BREMEN,-30,Germany,17
511,501,UNIVERSITY OF LIMERICK (UL),-10,Ireland,16
521,481,CAIRO UNIVERSITY,-40,Egypt,137
521,481,JULIUS-MAXIMILIANS-UNIVERSITÄT WÜRZBURG,-40,Germany,17
521,501,LAPPEENRANTA UNIVERSITY OF TECHNOLOGY,-20,Finland,1
521,551,NAGASAKI UNIVERSITY,30,Japan,58
521,461,PONTIFICIA UNIVERSIDAD JAVERIANA,-60,Colombia,43
521,481,RENMIN (PEOPLES) UNIVERSITY OF CHINA,-40,China,93
521,501,UNIVERSITÉ PAUL SABATIER TOULOUSE III,-20,France,24
521,601,UNIVERSITI TEKNOLOGI PETRONAS (PETRONAS),80,Malaysia,80
521,501,UNIVERSITY OF SOUTH FLORIDA,-20,United States,19
531,551,ABO AKADEMI UNIVERSITY,20,Finland,1
531,491,CZECH TECHNICAL UNIVERSITY IN PRAGUE,-40,Czech Republic,20
531,551,EAST CHINA UNIVERSITY OF SCIENCE AND TECHNOLOGY,20,China,93
531,601,NEW SCHOOL UNIVERSITY,70,United States,19
531,501,PONTIFICIA UNIVERSIDADE CATÓLICA DE SÃO PAULO (PUC-SP),-30,Brazil,32
531,411,TARAS SHEVCHENKO NATIONAL UNIVERSITY OF KYIV,-120,Ukraine,133
531,501,UNIVERSIDAD DE MONTEVIDEO,-30,Uruguay,33
531,551,UNIVERSITÉ PANTHÉON-ASSAS (PARIS 2),20,France,24
531,501,UNIVERSITY OF AVEIRO,-30,Portugal,66
531,551,UNIVERSITY OF VERMONT,20,United States,19
541,471,AMERICAN UNIVERSITY,-70,United States,19
541,601,FAR EASTERN FEDERAL UNIVERSITY,60,Russia,68
541,551,OSAKA CITY UNIVERSITY,10,Japan,58
541,551,SHANDONG UNIVERSITY,10,China,93
541,551,SOUTH CHINA UNIVERSITY OF TECHNOLOGY,10,China,93
541,551,UMM AL-QURA UNIVERSITY (UQU),10,Saudi Arabia,28
541,501,UNIVERSITÉ DU QUÉBEC,-40,Canada,9
541,501,UNIVERSITY OF CINCINNATI,-40,United States,19
551,601,INHA UNIVERSITY,50,South Korea,54
551,551,JUSTUS-LIEBIG-UNIVERSITÄT GIEßEN,0,Germany,17
551,401,LEIBNIZ UNIVERSITÄT HANNOVER,-150,Germany,17
551,431,PONTIFICIA UNIVERSIDAD CATÓLICA DEL PERÚ,-120,Peru,65
551,651,QUAID-I-AZAM UNIVERSITY,100,Pakistan,67
551,501,SYRACUSE UNIVERSITY,-50,United States,19
551,601,UNIVERSITY OF JOHANNESBURG,50,South Africa,106
551,551,UNIVERSITY OF KENTUCKY,0,United States,19
551,501,UNIVERSITY OF NEBRASKA,-50,United States,19
561,601,AMERICAN UNIVERSITY IN DUBAI,40,United Arab Emirates,21
561,501,ARISTOTLE UNIVERSITY OF THESSALONIKI,-60,Greece,82
561,601,INDIANA UNIVERSITY-PURDUE UNIVERSITY INDIANAPOLIS,40,United States,19
561,551,KANAZAWA UNIVERSITY,-10,Japan,58
561,471,KARL-FRANZENS-UNIVERSITÄT GRAZ,-90,Austria,10
561,461,MARTIN-LUTHER-UNIVERSITÄT HALLE-WITTENBERG,-100,Germany,17
561,601,NATIONAL TAIPEI UNIVERSITY OF TECHNOLOGY,40,Taiwan,25
561,551,UNIVERSITAT DE VALÈNCIA,-10,Spain,30
561,501,UNIVERSITY OF PRETORIA,-60,South Africa,106
561,601,UNIVERSITY OF SOUTH CAROLINA AT COLUMBIA,40,United States,19
571,491,BO?AZIÇI ÜNIVERSITESI,-80,Turkey,79
571,501,CHONBUK NATIONAL UNIVERSITY,-70,South Korea,54
571,551,COVENTRY UNIVERSITY,-20,United Kingdom,15
571,551,DALIAN UNIVERSITY OF TECHNOLOGY,-20,China,93
571,551,MASARYK UNIVERSITY,-20,Czech Republic,20
571,551,TOKYO UNIVERSITY OF AGRICULTURE AND TECHNOLOGY,-20,Japan,58
571,551,UNIVERSITÀ DEGLI STUDI DI TORINO (UNITO),-20,Italy,36
571,501,UNIVERSITÄT REGENSBURG,-70,Germany,17
571,441,UNIVERSITÉ PARIS DESCARTES,-130,France,24
581,551,COLLEGE OF WILLIAM & MARY,-30,United States,19
581,551,INSTITUTO TECNOLÓGICO DE BUENOS AIRES (ITBA),-30,Argentina,47
581,651,KONKUK UNIVERSITY,70,South Korea,54
581,601,UNIVERSIDAD ANAHUAC,20,Mexico,23
581,601,UNIVERSIDADE DE SANTIAGO DE COMPOSTELA,20,Spain,30
581,551,UNIVERSITÀ DEGLI STUDI DI PAVIA (UNIPV),-30,Italy,36
581,501,UNIVERSITÄT LEIPZIG,-80,Germany,17
581,491,UNIVERSITY OF GUELPH,-90,Canada,9
581,601,"UNIVERSITY OF MASSACHUSETTS, BOSTON",20,United States,19
581,551,UNIVERSITY OF OREGON,-30,United States,19
581,551,VILNIUS GEDIMINAS TECHNICAL UNIVERSITY,-30,Lithuania,42
591,651,HALLYM UNIVERSITY,60,South Korea,54
801,751,HACETTEPE UNIVERSITY,-50,Turkey,79
591,551,MICHIGAN TECHNOLOGICAL UNIVERSITY,-40,United States,19
591,501,MURDOCH UNIVERSITY,-90,Australia,11
591,601,UNIVERSIDAD DE SALAMANCA,10,Spain,30
591,601,UNIVERSIDAD DE SAN ANDRÉS,10,Argentina,47
591,601,UNIVERSITY OF BRADFORD,10,United Kingdom,15
591,601,UNIVERSITY OF HULL,10,United Kingdom,15
591,601,UNIVERSITY OF HYDERABAD,10,India,140
591,601,"UNIVERSITY OF MISSOURI, COLUMBIA",10,United States,19
591,551,UNIVERSITY OF MONS,-40,Belgium,18
601,551,BAR-ILAN UNIVERSITY,-50,Israel,13
601,601,CENTRAL QUEENSLAND UNIVERSITY,0,Australia,11
601,501,CITY UNIVERSITY OF NEW YORK,-100,United States,19
601,651,CLARKSON UNIVERSITY,50,United States,19
601,601,JADAVPUR UNIVERSITY,0,India,140
601,651,KAGOSHIMA UNIVERSITY,50,Japan,58
601,601,KEELE UNIVERSITY,0,United Kingdom,15
601,601,LANZHOU UNIVERSITY,0,China,93
601,601,LEBANESE AMERICAN UNIVERSITY,0,Lebanon,91
601,551,LINGNAN UNIVERSITY (HONG KONG),-50,Hong Kong,76
601,701,LOBACHEVSKY STATE UNIVERSITY OF NIZHNI NOVGOROD,100,Russia,68
601,601,NATIONAL CHENGCHI UNIVERSITY,0,Taiwan,25
601,501,"NATIONAL TECHNICAL UNIVERSITY OF UKRAINE '"KYIV POLYTECHNIC INSTITUTE'"",-100,Ukraine,133
601,701,OSAKA PREFECTURE UNIVERSITY,100,Japan,58
601,551,PHILIPPS-UNIVERSITÄT MARBURG,-50,Germany,17
601,501,PONTIFÍCIA UNIVERSIDADE CATÓLICA DO RIO DE JANEIRO - PUC - RIO,-100,Brazil,32
601,651,"RUTGERS - THE STATE UNIVERSITY OF NEW JERSEY, NEWARK",50,United States,19
601,551,SICHUAN UNIVERSITY,-50,China,93
601,701,SMITH COLLEGE,100,United States,19
601,601,TALLINN UNIVERSITY OF TECHNOLOGY,0,Estonia,55
601,601,THAMMASAT UNIVERSITY,0,Thailand,52
601,601,UNIVERSIDAD DE SEVILLA,0,Spain,30
601,651,UNIVERSIDAD DEL PAIS VASCO,50,Spain,30
601,551,UNIVERSIDAD NACIONAL DE LA PLATA,-50,Argentina,47
601,551,UNIVERSIDADE FEDERAL DE MINAS GERAIS,-50,Brazil,32
601,501,UNIVERSIDADE FEDERAL DO RIO GRANDE DO SUL,-100,Brazil,32
601,551,UNIVERSITÄT BAYREUTH,-50,Germany,17
601,601,UNIVERSITÄT DUISBURG-ESSEN,0,Germany,17
601,461,UNIVERSITÄT POTSDAM,-140,Germany,17
601,501,UNIVERSITÉ CLAUDE BERNARD LYON 1,-100,France,24
601,501,UNIVERSITÉ DE FRIBOURG,-100,Switzerland,6
601,701,UNIVERSITI UTARA MALAYSIA (UUM),100,Malaysia,80
601,551,UNIVERSITY OF CANBERRA,-50,Australia,11
601,651,UNIVERSITY OF DEBRECEN,50,Hungary,62
601,551,UNIVERSITY OF JORDAN,-50,Jordan,101
601,551,UNIVERSITY OF MANITOBA,-50,Canada,9
601,651,UNIVERSITY OF MILANO-BICOCCA,50,Italy,36
601,701,UNIVERSITY OF PLYMOUTH,100,United Kingdom,15
601,601,UNIVERSITY OF PORTSMOUTH,0,United Kingdom,15
601,551,UNIVERSITY OF TAMPERE,-50,Finland,1
601,601,UNIVERSITY OF ULSTER,0,United Kingdom,15
601,551,UNIVERSITY OF WESTMINSTER,-50,United Kingdom,15
601,651,VIRGINIA COMMONWEALTH UNIVERSITY,50,United States,19
601,601,WARSAW UNIVERSITY OF TECHNOLOGY,0,Poland,40
601,651,WORCESTER POLYTECHNIC INSTITUTE,50,United States,19
651,651,AJOU UNIVERSITY,0,South Korea,54
801,601,UNIVERSITY OF ZAGREB,-200,Croatia,75
651,551,ATENEO DE MANILA UNIVERSITY,-100,Philippines,69
651,601,BRNO UNIVERSITY OF TECHNOLOGY,-50,Czech Republic,20
651,651,CARLETON UNIVERSITY,0,Canada,9
651,651,CHARLES DARWIN UNIVERSITY,0,Australia,11
651,551,CHIANG MAI UNIVERSITY,-100,Thailand,52
651,701,CHINA AGRICULTURAL UNIVERSITY,50,China,93
651,601,CHONNAM NATIONAL UNIVERSITY,-50,South Korea,54
651,651,E.A.BUKETOV KARAGANDA STATE UNIVERSITY,0,Kazakhstan,60
651,651,GIFU UNIVERSITY,0,Japan,58
651,651,INSTITUTO POLITÉCNICO NACIONAL (IPN),0,Mexico,23
651,651,INSTITUTO TECNOLÓGICO AUTONOMO DE MÉXICO (ITAM),0,Mexico,23
701,651,UNIVERSIDAD ADOLFO IBÁÑEZ,-50,Chile,26
651,701,INTERNATIONAL ISLAMIC UNIVERSITY MALAYSIA (IIUM),50,Malaysia,80
651,601,ISTANBUL TECHNICAL UNIVERSITY,-50,Turkey,79
651,601,JORDAN UNIVERSITY OF SCIENCE AND TECHNOLOGY,-50,Jordan,101
651,651,KAZAKH-BRITISH TECHNICAL UNIVERSITY,0,Kazakhstan,60
651,701,KYUNGPOOK NATIONAL UNIVERSITY,50,South Korea,54
651,651,LOUISIANA STATE UNIVERSITY,0,United States,19
651,701,MEMORIAL UNIVERSITY OF NEWFOUNDLAND,50,Canada,9
651,651,NATIONAL AND KAPODISTRIAN UNIVERSITY OF ATHENS,0,Greece,82
651,601,NATIONAL CHUNG HSING UNIVERSITY,-50,Taiwan,25
651,701,NIIGATA UNIVERSITY,50,Japan,58
651,701,PALACKÝ UNIVERSITY IN OLOMOUC,50,Czech Republic,20
651,551,SEJONG UNIVERSITY,-100,South Korea,54
651,701,SOUTHERN METHODIST UNIVERSITY,50,United States,19
651,651,STEVENS INSTITUTE OF TECHNOLOGY,0,United States,19
651,651,TEMPLE UNIVERSITY,0,United States,19
651,651,TOKYO METROPOLITAN UNIVERSITY,0,Japan,58
651,651,UNIVERSIDAD DE CONCEPCIÓN,0,Chile,26
651,651,UNIVERSIDAD TORCUATO DI TELLA,0,Argentina,47
651,601,UNIVERSITÉ DE SHERBROOKE,-50,Canada,9
651,601,UNIVERSITÉ NICE SOPHIA-ANTIPOLIS,-50,France,24
651,651,UNIVERSITY AT ALBANY SUNY,0,United States,19
651,501,UNIVERSITY OF BAGHDAD,-150,Iraq,126
651,651,UNIVERSITY OF CRETE,0,Greece,82
651,701,UNIVERSITY OF DENVER,50,United States,19
651,601,UNIVERSITY OF HAIFA,-50,Israel,13
651,601,UNIVERSITY OF HOUSTON,-50,United States,19
651,651,UNIVERSITY OF LJUBLJANA,0,Slovenia,44
651,651,UNIVERSITY OF MINHO,0,Portugal,66
651,651,UNIVERSITY OF SEOUL,0,South Korea,54
651,701,UNIVERSITY OF SHARJAH,50,United Arab Emirates,21
651,651,UNIVERSITY OF WINDSOR,0,Canada,9
651,701,UNIVERSITY OF WYOMING,50,United States,19
651,701,VICTORIA UNIVERSITY,50,Australia,11
701,751,ABU DHABI UNIVERSITY,50,United Arab Emirates,21
701,701,AIN SHAMS UNIVERSITY,0,Egypt,137
701,751,ALPEN-ADRIA-UNIVERSITÄT KLAGENFURT,50,Austria,10
701,751,BOGOR AGRICULTURAL UNIVERSITY,50,Indonesia,92
701,701,BOURNEMOUTH UNIVERSITY,0,United Kingdom,15
701,801,CHUNGNAM NATIONAL UNIVERSITY,100,South Korea,54
701,701,CLEMSON UNIVERSITY,0,United States,19
701,701,DANKOOK UNIVERSITY,0,South Korea,54
701,651,EOTVOS LORAND UNIVERSITY,-50,Hungary,62
701,751,GEORGIA STATE UNIVERSITY,50,United States,19
701,751,GUNMA UNIVERSITY,50,Japan,58
701,701,HUNAN UNIVERSITY,0,China,93
701,701,LAHORE UNIVERSITY OF MANAGEMENT SCIENCES (LUMS),0,Pakistan,67
701,701,MAYNOOTH UNIVERSITY,0,Ireland,16
701,651,MISSOURI UNIVERSITY OF SCIENCE AND TECHNOLOGY,-50,United States,19
701,701,"NATIONAL TECHNICAL UNIVERSITY '"KHARKIV POLYTECHNIC INSTITUTE'"",0,Ukraine,133
701,751,NORTHUMBRIA UNIVERSITY AT NEWCASTLE,50,United Kingdom,15
701,801,SAMARA NATIONAL RESEARCH UNIVERSITY (SAMARA UNIVERSITY),100,Russia,68
701,651,SHANGHAI INTERNATIONAL STUDIES UNIVERSITY,-50,China,93
701,601,TECHNISCHE UNIVERSITÄT DORTMUND,-100,Germany,17
701,701,TEXAS TECH UNIVERSITY,0,United States,19
701,601,UNIVERSIDAD DE ANTIOQUIA,-100,Colombia,43
701,701,UNIVERSIDAD DE SAN FRANCISCO DE QUITO,0,Ecuador,50
701,601,UNIVERSIDAD IBEROAMERICANA (UIA),-100,Mexico,23
701,651,UNIVERSIDADE FEDERAL DE SÃO CARLOS,-50,Brazil,32
701,751,UNIVERSITÀ DEGLI STUDI DI FERRARA,50,Italy,36
701,701,UNIVERSITÀ DEGLI STUDI DI GENOVA,0,Italy,36
701,801,UNIVERSITÀ DEGLI STUDI DI SIENA (UNISI),100,Italy,36
701,701,UNIVERSITÀ DEGLI STUDI DI TRIESTE (UNITS),0,Italy,36
701,651,UNIVERSITÄT BIELEFELD,-50,Germany,17
701,651,UNIVERSITÄT DÜSSELDORF,-50,Germany,17
701,801,UNIVERSITÄT ROSTOCK,100,Germany,17
701,651,UNIVERSITÉ DE RENNES 1,-50,France,24
701,651,UNIVERSITY OF ALABAMA,-50,United States,19
701,751,UNIVERSITY OF BRESCIA,50,Italy,36
701,801,UNIVERSITY OF EAST LONDON,100,United Kingdom,15
701,801,UNIVERSITY OF GREENWICH,100,United Kingdom,15
701,751,UNIVERSITY OF HUDDERSFIELD,50,United Kingdom,15
701,601,UNIVERSITY OF KUFA,-100,Iraq,126
701,701,UNIVERSITY OF PATRAS,0,Greece,82
701,751,UNIVERSITY OF PÉCS,50,Hungary,62
701,601,UNIVERSITY OF TEHRAN,-100,Iran,117
701,751,UNIVERSITY OF TULSA,50,United States,19
701,751,YAMAGUCHI UNIVERSITY,50,Japan,58
701,751,YOKOHAMA NATIONAL UNIVERSITY,50,Japan,58
751,701,AIRLANGGA UNIVERSITY,-50,Indonesia,92
751,651,ANNA UNIVERSITY,-100,India,140
751,651,BEIJING FOREIGN STUDIES UNIVERSITY,-100,China,93
751,701,BEIJING JIAOTONG UNIVERSITY,-50,China,93
751,701,BEIJING UNIVERSITY OF TECHNOLOGY,-50,China,93
751,701,COMENIUS UNIVERSITY IN BRATISLAVA,-50,Slovakia,38
751,651,DUBLIN INSTITUTE OF TECHNOLOGY (DIT),-100,Ireland,16
751,751,EDITH COWAN UNIVERSITY (ECU),0,Australia,11
751,751,KANSAS STATE UNIVERSITY,0,United States,19
751,701,KAUNAS UNIVERSITY OF TECHNOLOGY,-50,Lithuania,42
751,801,KENT STATE UNIVERSITY,50,United States,19
751,701,LONDON METROPOLITAN UNIVERSITY,-50,United Kingdom,15
751,801,LONDON SOUTH BANK UNIVERSITY,50,United Kingdom,15
751,701,MANIPAL UNIVERSITY,-50,India,140
751,701,MIDDLESEX UNIVERSITY,-50,United Kingdom,15
751,751,NAGOYA INSTITUTE OF TECHNOLOGY (NIT),0,Japan,58
751,801,NEW JERSEY INSTITUTE OF TECHNOLOGY (NJIT),50,United States,19
751,801,OKLAHOMA STATE UNIVERSITY,50,United States,19
751,751,PARIS LODRON UNIVERSITÄT SALZBURG,0,Austria,10
751,701,PONTIFICIA UNIVERSIDAD CATÓLICA DE VALPARAÍSO,-50,Chile,26
751,651,RIGA TECHNICAL UNIVERSITY,-100,Latvia,53
751,701,SOPHIA UNIVERSITY,-50,Japan,58
751,801,SUMY STATE UNIVERSITY,50,Ukraine,133
751,701,TOKYO UNIVERSITY OF SCIENCE,-50,Japan,58
751,751,UNIVERSIDAD AUTÓNOMA METROPOLITANA (UAM),0,Mexico,23
751,651,UNIVERSIDAD CENTRAL DE VENEZUELA (UCV),-100,Venezuela,108
751,801,UNIVERSIDAD DE GUADALAJARA (UDG),50,Mexico,23
801,751,UNIVERSIDAD DIEGO PORTALES,-50,Chile,26
751,801,UNIVERSIDAD DE LAS AMÉRICAS PUEBLA (UDLAP),50,Mexico,23
751,801,UNIVERSIDAD NACIONAL COSTA RICA,50,Costa Rica,12
751,801,UNIVERSIDAD PANAMERICANA (UP),50,Mexico,23
751,651,"UNIVERSIDADE CATÓLICA PORTUGUESA, LISBOA",-100,Portugal,66
751,651,UNIVERSIDADE DE BRASÍLIA,-100,Brazil,32
751,751,UNIVERSIDADE FEDERAL DE SANTA CATARINA,0,Brazil,32
751,701,UNIVERSITÀ CA' FOSCARI VENEZIA,-50,Italy,36
751,751,UNIVERSITÀ DEGLI STUDI DI PERUGIA,0,Italy,36
751,751,UNIVERSITI TEKNOLOGI MARA (UITM),0,Malaysia,80
751,701,UNIVERSITY OF BRIGHTON,-50,United Kingdom,15
751,701,UNIVERSITY OF CENTRAL FLORIDA,-50,United States,19
751,751,UNIVERSITY OF HERTFORDSHIRE,0,United Kingdom,15
751,701,UNIVERSITY OF KWAZULU-NATAL,-50,South Africa,106
751,751,UNIVERSITY OF NEW HAMPSHIRE,0,United States,19
751,751,UNIVERSITY OF SALFORD,0,United Kingdom,15
751,751,UNIVERSITY OF SOUTHERN QUEENSLAND,0,Australia,11
801,801,ADAM MICKIEWICZ UNIVERSITY,0,Poland,40
801,801,AGH UNIVERSITY OF SCIENCE AND TECHNOLOGY,0,Poland,40
801,801,AL AZHAR UNIVERSITY,0,Egypt,137
801,751,ALEXANDRIA UNIVERSITY,-50,Egypt,137
801,801,ALEXANDRU IOAN CUZA UNIVERSITY,0,Romania,48
801,801,"ALIGARH MUSLIM UNIVERSITY (AMU), ALIGARH",0,India,140
801,751,AL-IMAM MOHAMED IBN SAUD ISLAMIC UNIVERSITY,-50,Saudi Arabia,28
801,801,ANKARA ÜNIVERSITESI,0,Turkey,79
801,801,AOYAMA GAKUIN UNIVERSITY,0,Japan,58
801,801,ATHENS UNIVERSITY OF ECONOMICS AND BUSINESS,0,Greece,82
801,801,AUBURN UNIVERSITY,0,United States,19
801,801,AUSTRALIAN CATHOLIC UNIVERSITY,0,Australia,11
801,801,BABES-BOLYAI UNIVERSITY,0,Romania,48
801,801,BAKU STATE UNIVERSITY,0,Azerbaijan,90
801,801,BANARAS HINDU UNIVERSITY,0,India,140
801,801,BAYLOR UNIVERSITY,0,United States,19
801,751,BELARUSIAN NATIONAL TECHNICAL UNIVERSITY,-50,Belarus,81
801,801,BENEMÉRITA UNIVERSIDAD AUTÓNOMA DE PUEBLA,0,Mexico,23
801,801,BINGHAMTON UNIVERSITY SUNY,0,United States,19
801,801,BIRLA INSTITUTE OF TECHNOLOGY AND SCIENCE,0,India,140
801,751,BRIGHAM YOUNG UNIVERSITY,-50,United States,19
801,751,BUDAPEST UNIVERSITY OF TECHNOLOGY AND ECONOMICS,-50,Hungary,62
801,801,CENTRAL SOUTH UNIVERSITY,0,China,93
801,801,CHARLES STURT UNIVERSITY,0,Australia,11
801,801,CHONGQING UNIVERSITY,0,China,93
801,801,CORVINUS UNIVERSITY OF BUDAPEST,0,Hungary,62
801,701,DE LA SALLE UNIVERSITY,-100,Philippines,69
801,801,DIPONEGORO UNIVERSITY,0,Indonesia,92
801,801,DOSHISHA UNIVERSITY,0,Japan,58
801,801,EDINBURGH NAPIER UNIVERSITY,0,United Kingdom,15
801,801,FENG CHIA UNIVERSITY,0,Taiwan,25
801,751,FLORIDA INTERNATIONAL UNIVERSITY,-50,United States,19
801,801,FORDHAM UNIVERSITY,0,United States,19
801,801,FU JEN CATHOLIC UNIVERSITY,0,Taiwan,25
801,801,GAZI ÜNIVERSITESI,0,Turkey,79
801,801,GEORGE MASON UNIVERSITY,0,United States,19
801,801,ISTANBUL UNIVERSITY,0,Turkey,79
801,751,KASETSART UNIVERSITY,-50,Thailand,52
801,801,KAZAKH ABLAI KHAN UNIVERSITY OF INTERNATIONAL RELATIONS AND WORLD LANGUAGES,0,Kazakhstan,60
801,801,KHON KAEN UNIVERSITY,0,Thailand,52
801,751,KING FAISAL UNIVERSITY,-50,Saudi Arabia,28
801,801,KING MONGKUT'S UNIVERSITY OF TECHNOLOGY THONBURI,0,Thailand,52
801,651,KUWAIT UNIVERSITY,-150,Kuwait,51
801,801,KYUSHU INSTITUTE OF TECHNOLOGY,0,Japan,58
801,751,LOYOLA UNIVERSITY CHICAGO,-50,United States,19
801,801,MANCHESTER METROPOLITAN UNIVERSITY,0,United Kingdom,15
801,801,MARQUETTE UNIVERSITY,0,United States,19
801,801,MEIJI UNIVERSITY,0,Japan,58
801,801,MIAMI UNIVERSITY,0,United States,19
801,801,NICOLAUS COPERNICUS UNIVERSITY,0,Poland,40
801,801,NORTH-WEST UNIVERSITY,0,South Africa,106
801,801,NOTTINGHAM TRENT UNIVERSITY,0,United Kingdom,15
801,801,NOVOSIBIRSK STATE TECHNICAL UNIVERSITY,0,Russia,68
801,801,OCHANOMIZU UNIVERSITY,0,Japan,58
801,801,OHIO UNIVERSITY,0,United States,19
801,801,PLEKHANOV RUSSIAN UNIVERSITY OF ECONOMICS,0,Russia,68
801,801,PONTIFICIA UNIVERSIDAD CATÓLICA DEL ECUADOR,0,Ecuador,50
801,801,PONTIFÍCIA UNIVERSIDADE CATÓLICA DO RIO GRANDE DO SUL,0,Brazil,32
801,801,PRINCE OF SONGKLA UNIVERSITY,0,Thailand,52
801,701,RHODES UNIVERSITY,-100,South Africa,106
801,801,RITSUMEIKAN UNIVERSITY,0,Japan,58
801,801,RYERSON UNIVERSITY,0,Canada,9
801,801,SAITAMA UNIVERSITY,0,Japan,58
801,801,SAN DIEGO STATE UNIVERSITY,0,United States,19
801,801,SAVITRIBAI PHULE PUNE UNIVERSITY,0,India,140
801,801,SEOUL NATIONAL UNIVERSITY OF SCIENCE AND TECHNOLOGY,0,South Korea,54
801,801,SEPULUH NOPEMBER INSTITUTE OF TECHNOLOGY,0,Indonesia,92
801,801,SHAHID BEHESHTI UNIVERSITY TEHRAN,0,Iran,117
801,801,SHINSHU UNIVERSITY,0,Japan,58
801,701,"SOFIA UNIVERSITY '"ST. KLIMENT OHRIDSKI'"",-100,Bulgaria,97
801,801,SOUTHERN CROSS UNIVERSITY,0,Australia,11
801,801,THE ROBERT GORDON UNIVERSITY,0,United Kingdom,15
801,801,TOKAI UNIVERSITY,0,Japan,58
801,801,UNIVERSIDAD AUSTRAL DE CHILE,0,Chile,26
801,801,UNIVERSIDAD AUTÓNOMA DE NUEVO LEÓN (UANL),0,Mexico,23
801,801,UNIVERSIDAD AUTÓNOMA DEL ESTADO DE MÉXICO,0,Mexico,23
801,651,UNIVERSIDAD CATÓLICA ANDRÉS BELLO - UCAB,-150,Venezuela,108
801,801,UNIVERSIDAD DE CASTILLA-LA MANCHA,0,Spain,30
801,701,UNIVERSIDAD DE LA REPÚBLICA (UDELAR),-100,Uruguay,33
801,751,UNIVERSIDAD DE LA SABANA,-50,Colombia,43
801,801,UNIVERSIDAD DE LOS ANDES MÉRIDA,0,Venezuela,108
801,801,UNIVERSIDAD DE MONTERREY,0,Mexico,23
801,801,UNIVERSIDAD DE MURCIA,0,Spain,30
801,801,UNIVERSIDAD DE OVIEDO,0,Spain,30
801,801,UNIVERSIDAD DE TALCA,0,Chile,26
801,801,UNIVERSIDAD DE VALPARAÍSO,0,Chile,26
801,801,UNIVERSIDAD DEL NORTE,0,Colombia,43
801,801,UNIVERSIDAD DEL ROSARIO,0,Colombia,43
801,801,UNIVERSIDAD DEL VALLE,0,Colombia,43
801,801,UNIVERSIDAD INDUSTRIAL DE SANTANDER,0,Colombia,43
801,801,UNIVERSIDAD METROPOLITANA,0,Venezuela,108
801,701,UNIVERSIDAD NACIONAL DE CÓRDOBA,-100,Argentina,47
801,801,UNIVERSIDAD NACIONAL DE CUYO,0,Argentina,47
801,801,UNIVERSIDAD NACIONAL DE MAR DEL PLATA,0,Argentina,47
801,801,UNIVERSIDAD NACIONAL DE ROSARIO,0,Argentina,47
801,801,UNIVERSIDAD NACIONAL MAYOR DE SAN MARCOS,0,Peru,65
801,801,UNIVERSIDAD PERUANA CAYETANO HEREDIA,0,Peru,65
801,801,UNIVERSIDAD REY JUAN CARLOS,0,Spain,30
801,751,UNIVERSIDAD SIMÓN BOLÍVAR VENEZUELA,-50,Venezuela,108
801,801,UNIVERSIDAD TÉCNICA FEDERICO SANTA MARÍA,0,Chile,26
801,801,UNIVERSIDAD TECNOLÓGICA NACIONAL (UTN),0,Argentina,47
801,801,UNIVERSIDADE DA CORUÑA,0,Spain,30
801,801,UNIVERSIDADE DO ESTADO DO RIO DE JANEIRO (UERJ),0,Brazil,32
801,801,UNIVERSIDADE ESTADUAL DE LONDRINA,0,Brazil,32
801,801,UNIVERSIDADE FEDERAL DA BAHIA,0,Brazil,32
801,801,UNIVERSIDADE FEDERAL DE SANTA MARIA,0,Brazil,32
801,801,UNIVERSIDADE FEDERAL DE VIÇOSA,0,Brazil,32
801,801,UNIVERSIDADE FEDERAL DO CEARÁ (UFC),0,Brazil,32
801,801,UNIVERSIDADE FEDERAL DO PARANÁ (UFPR),0,Brazil,32
801,801,UNIVERSIDADE FEDERAL DO PERNAMBUCO,0,Brazil,32
801,801,UNIVERSIDADE FEDERAL FLUMINENSE,0,Brazil,32
801,801,UNIVERSITÀ DEGLI STUDI DI CATANIA (UNICT),0,Italy,36
801,701,UNIVERSITÀ DEGLI STUDI DI MODENA E REGGIO EMILIA,-100,Italy,36
801,751,UNIVERSITÀ DEGLI STUDI ROMA TRE,-50,Italy,36
801,801,UNIVERSITÀ  DEGLI STUDI DI PALERMO,0,Italy,36
801,801,UNIVERSITÉ DE CAEN BASSE-NORMANDIE,0,France,24
801,801,UNIVERSITÉ DE CERGY-PONTOISE,0,France,24
801,751,UNIVERSITÉ DE LORRAINE,-50,France,24
801,751,UNIVERSITÉ DE NANTES,-50,France,24
801,801,UNIVERSITÉ DE POITIERS,0,France,24
801,801,UNIVERSITÉ JEAN MOULIN LYON 3,0,France,24
801,751,UNIVERSITÉ LUMIÈRE LYON 2,-50,France,24
801,801,UNIVERSITÉ PARIS OUEST NANTERRE LA DÉFENSE,0,France,24
801,801,UNIVERSITÉ PAUL-VALÉRY MONTPELLIER 3,0,France,24
801,751,"UNIVERSITÉ TOULOUSE 1, CAPITOLE",-50,France,24
801,801,UNIVERSITY OF ARKANSAS,0,United States,19
801,801,UNIVERSITY OF BAHRAIN,0,Bahrain,37
801,801,UNIVERSITY OF BARI,0,Italy,36
801,801,UNIVERSITY OF BELGRADE,0,Serbia,70
801,801,UNIVERSITY OF BRAWIJAYA,0,Indonesia,92
801,701,UNIVERSITY OF BUCHAREST,-100,Romania,48
801,751,UNIVERSITY OF CALCUTTA,-50,India,140
801,801,UNIVERSITY OF CENTRAL LANCASHIRE,0,United Kingdom,15
801,751,UNIVERSITY OF COLOMBO,-50,Sri Lanka,130
801,701,UNIVERSITY OF DHAKA,-100,Bangladesh,125
801,801,UNIVERSITY OF ENGINEERING & TECHNOLOGY (UET) LAHORE,0,Pakistan,67
801,701,UNIVERSITY OF LATVIA,-100,Latvia,53
801,801,UNIVERSITY OF LODZ,0,Poland,40
801,801,UNIVERSITY OF MARIBOR,0,Slovenia,44
801,801,UNIVERSITY OF MISSISSIPPI,0,United States,19
801,801,UNIVERSITY OF MONTANA MISSOULA,0,United States,19
801,801,UNIVERSITY OF MUMBAI,0,India,140
801,801,UNIVERSITY OF NAIROBI,0,Kenya,121
801,801,UNIVERSITY OF NEW ENGLAND,0,Australia,11
801,801,UNIVERSITY OF SAN DIEGO,0,United States,19
801,801,UNIVERSITY OF SAN FRANCISCO,0,United States,19
801,801,UNIVERSITY OF SANTO TOMAS,0,Philippines,69
801,801,UNIVERSITY OF THE PACIFIC,0,United States,19
801,801,UNIVERSITY OF THE SUNSHINE COAST,0,Australia,11
801,801,UNIVERSITY OF THE WESTERN CAPE,0,South Africa,106
801,801,UNIVERSITY OF WROCLAW,0,Poland,40
801,801,UNIVERSITY TOULOUSE  JEAN JAURÈS,0,France,24
801,801,UTAH STATE UNIVERSITY,0,United States,19
801,801,VERONA UNIVERSITY,0,Italy,36
801,801,VORONEZH STATE UNIVERSITY,0,Russia,68
801,801,VYTAUTAS MAGNUS UNIVERSITY,0,Lithuania,42
801,801,WEST UNIVERSITY OF TIMISOARA,0,Romania,48
801,801,WROCLAW UNIVERSITY OF TECHNOLOGY,0,Poland,40
801,751,YEUNGNAM UNIVERSITY,-50,South Korea,54
